<?xml version="1.0" encoding="UTF-8"?>
<!DOCTYPE mapper PUBLIC "-//mybatis.org//DTD Mapper 3.0//EN" "http://mybatis.org/dtd/mybatis-3-mapper.dtd">
<mapper namespace="cn.edu.nuc.carloan.dao.interfaces.BankMapper">
  <resultMap id="BaseResultMap" type="cn.edu.nuc.carloan.model.Bank">
    <id column="bank_id" jdbcType="INTEGER" property="bankId" />
    <result column="bank_name" jdbcType="VARCHAR" property="bankName" />
    <result column="bank_simple_name" jdbcType="VARCHAR" property="bankSimpleName" />
    <result column="bank_address" jdbcType="VARCHAR" property="bankAddress" />
    <result column="bank_phone" jdbcType="VARCHAR" property="bankPhone" />
    <result column="bank_img" jdbcType="VARCHAR" property="bankImg" />
    <result column="bank_url" jdbcType="VARCHAR" property="bankUrl" />
  </resultMap>
  <sql id="Base_Column_List">
    bank_id, bank_name, bank_simple_name, bank_address, bank_phone,bank_img,bank_url
  </sql>
  <select id="selectByPrimaryKey" parameterType="java.lang.Integer" resultMap="BaseResultMap">
    select 
    <include refid="Base_Column_List" />
    from bank
    where bank_id = #{bankId,jdbcType=INTEGER}
  </select>
  <delete id="deleteByPrimaryKey" parameterType="java.lang.Integer">
    delete from bank
    where bank_id = #{bankId,jdbcType=INTEGER}
  </delete>
  <insert id="insert" parameterType="cn.edu.nuc.carloan.model.Bank">
    insert into bank (bank_id, bank_name, bank_simple_name, 
      bank_address, bank_phone,bank_img,bank_url)
      values (#{bankId,jdbcType=INTEGER}, #{bankName,jdbcType=VARCHAR}, #{bankSimpleName,jdbcType=VARCHAR}, 
      #{bankAddress,jdbcType=VARCHAR}, #{bankPhone,jdbcType=VARCHAR}),
      #{bankImg,jdbcType=VARCHAR}),#{bankUrl,jdbcType=VARCHAR})
  </insert>
  <insert id="insertSelective" parameterType="cn.edu.nuc.carloan.model.Bank">
    insert into bank
    <trim prefix="(" suffix=")" suffixOverrides=",">
      <if test="bankName != null">
        bank_name,
      </if>
      <if test="bankSimpleName != null">
        bank_simple_name,
      </if>
      <if test="bankAddress != null">
        bank_address,
      </if>
      <if test="bankPhone != null">
        bank_phone,
      </if>
       <if test="bankImg != null">
        bank_img,
      </if>
       <if test="bankUrl != null">
        bank_url,
      </if>
    </trim>
    <trim prefix="values (" suffix=")" suffixOverrides=",">
      <if test="bankName != null">
        #{bankName,jdbcType=VARCHAR},
      </if>
      <if test="bankSimpleName != null">
        #{bankSimpleName,jdbcType=VARCHAR},
      </if>
      <if test="bankAddress != null">
        #{bankAddress,jdbcType=VARCHAR},
      </if>
      <if test="bankPhone != null">
        #{bankPhone,jdbcType=VARCHAR},
      </if>
      <if test="bankImg != null">
        #{bankImg,jdbcType=VARCHAR},
      </if>
      <if test="bankUrl != null">
        #{bankUrl,jdbcType=VARCHAR},
      </if>
    </trim>
  </insert>
  <update id="updateByPrimaryKeySelective" parameterType="cn.edu.nuc.carloan.model.Bank">
    update bank
    <set>
      <if test="bankName != null">
        bank_name = #{bankName,jdbcType=VARCHAR},
      </if>
      <if test="bankSimpleName != null">
        bank_simple_name = #{bankSimpleName,jdbcType=VARCHAR},
      </if>
      <if test="bankAddress != null">
        bank_address = #{bankAddress,jdbcType=VARCHAR},
      </if>
      <if test="bankPhone != null">
        bank_phone = #{bankPhone,jdbcType=VARCHAR},
      </if>
      <if test="bankImg != null">
        bank_img = #{bankImg,jdbcType=VARCHAR},
      </if>
      <if test="bankUrl != null">
        bank_url = #{bankUrl,jdbcType=VARCHAR},
      </if>
    </set>
    where bank_id = #{bankId,jdbcType=INTEGER}
  </update>
  <update id="updateByPrimaryKey" parameterType="cn.edu.nuc.carloan.model.Bank">
    update bank
    set bank_name = #{bankName,jdbcType=VARCHAR},
      bank_simple_name = #{bankSimpleName,jdbcType=VARCHAR},
      bank_address = #{bankAddress,jdbcType=VARCHAR},
      bank_phone = #{bankPhone,jdbcType=VARCHAR},
       bank_img = #{bankImg,jdbcType=VARCHAR}, 
       bank_url = #{bankUrl,jdbcType=VARCHAR}
    where bank_id = #{bankId,jdbcType=INTEGER}
  </update>
  <select id="findAll" resultMap="BaseResultMap">
    select 
    <include refid="Base_Column_List" />
    from bank
  </select>
  <select id="count" resultType="int">
    select count(bank_id) from bank
  </select>
   <select id="PagefindAll" parameterType="cn.edu.nuc.carloan.dto.Tool" resultType="bank">
	   select 
	   <include refid="Base_Column_List"/>
       from bank
       limit #{start},#{offset}
	</select>
</mapper>