<?xml version="1.0" encoding="UTF-8"?>
<!DOCTYPE mapper PUBLIC "-//mybatis.org//DTD Mapper 3.0//EN" "http://mybatis.org/dtd/mybatis-3-mapper.dtd">
<mapper namespace="cn.edu.nuc.carloan.dao.interfaces.CarMapper">
  <resultMap id="BaseResultMap" type="cn.edu.nuc.carloan.model.Car">
    <id column="car_id" jdbcType="INTEGER" property="carId" />
    <result column="car_brand" jdbcType="VARCHAR" property="carBrand" />
    <result column="car_type" jdbcType="VARCHAR" property="carType" />
  </resultMap>
  <sql id="Base_Column_List">
    car_id,car_brand,car_type
  </sql>
  <insert id="insertSelective" parameterType="cn.edu.nuc.carloan.model.Car">
    insert into car
    <trim prefix="(" suffix=")" suffixOverrides=",">
      <if test="CarId != null">
        car_id,
      </if>
      <if test="carBrand != null">
        car_brand,
      </if>
      <if test="carType != null">
        car_type,
      </if>
    </trim>
    <trim prefix="values (" suffix=")" suffixOverrides=",">
      <if test="carId != null">
        #{carId,jdbcType=INTEGER},
      </if>
      <if test="carBrand != null">
        #{carBrand,jdbcType=VARCHAR},
      </if>
      <if test="carType != null">
        #{carType,jdbcType=VARCHAR},
      </if>
    </trim>
  </insert>
  <select id="selectAll" resultMap="BaseResultMap">
    select 
    <include refid="Base_Column_List" />
    from car
  </select>
</mapper>