<?xml version="1.0" encoding="UTF-8"?>
<!DOCTYPE mapper PUBLIC "-//mybatis.org//DTD Mapper 3.0//EN" "http://mybatis.org/dtd/mybatis-3-mapper.dtd">
<mapper namespace="cn.edu.nuc.carloan.dao.interfaces.CityMapper">
  <resultMap id="BaseResultMap" type="cn.edu.nuc.carloan.model.City">
    <id column="city_id" jdbcType="INTEGER" property="cityId" />
    <result column="city_name" jdbcType="VARCHAR" property="cityName" />
  </resultMap>
  <sql id="Base_Column_List">
    city_id,city_name
  </sql>
  <select id="selectAll" resultMap="BaseResultMap">
    select 
    <include refid="Base_Column_List" />
    from city
  </select>
   <select id="selectById" parameterType="java.lang.Integer" resultType="String" >
    select 
      city_name
    from city where city_id = #{value}
   </select>
</mapper>