<?xml version="1.0" encoding="UTF-8"?>
<!DOCTYPE mapper PUBLIC "-//mybatis.org//DTD Mapper 3.0//EN" "http://mybatis.org/dtd/mybatis-3-mapper.dtd">
<mapper namespace="cn.edu.nuc.carloan.dao.interfaces.CustomerMapper">
  <resultMap id="BaseResultMap" type="cn.edu.nuc.carloan.model.Customer">
    <id column="cust_id" jdbcType="INTEGER" property="custId" />
    <result column="cust_name" jdbcType="VARCHAR" property="custName" />
    <result column="cust_pwd" jdbcType="VARCHAR" property="custPwd" />
    <result column="cust_sex" jdbcType="INTEGER" property="custSex" />
    <result column="cust_phone" jdbcType="VARCHAR" property="custPhone" />
    <result column="cust_idcard" jdbcType="VARCHAR" property="custIdcard" />
    <result column="cust_adress" jdbcType="VARCHAR" property="custAdress" />
    <result column="cust_marry_state" jdbcType="INTEGER" property="custMarryState" />
    <result column="cust_drive_state" jdbcType="VARCHAR" property="custDriveState" />
    <result column="cust_money" jdbcType="DOUBLE" property="custMoney" />
    <result column="cust_debt_state" jdbcType="INTEGER" property="custDebtState" />
    <result column="cust_debt_money" jdbcType="DOUBLE" property="custDebtMoney" />
  </resultMap>
  <sql id="Base_Column_List">
    cust_id, cust_name, cust_pwd, cust_sex, cust_phone, cust_idcard, cust_adress, cust_marry_state, 
    cust_drive_state, cust_money, cust_debt_state, cust_debt_money
  </sql>
  <select id="serachname" resultType="String">
  select cust_name from customer
  </select>
  <select id="selectByPrimaryKey" parameterType="java.lang.Integer" resultMap="BaseResultMap">
    select 
    <include refid="Base_Column_List" />
    from customer
    where cust_id = #{custId,jdbcType=INTEGER}
  </select>
  <delete id="deleteByPrimaryKey" parameterType="java.lang.Integer">
    delete from customer
    where cust_id = #{custId,jdbcType=INTEGER}
  </delete>
  <insert id="insert" parameterType="cn.edu.nuc.carloan.model.Customer">
    insert into customer (cust_id, cust_name, cust_pwd, 
      cust_sex, cust_phone, cust_idcard, 
      cust_adress, cust_marry_state, cust_drive_state, 
      cust_money, cust_debt_state, cust_debt_money
      )
    values (#{custId,jdbcType=INTEGER}, #{custName,jdbcType=VARCHAR}, #{custPwd,jdbcType=VARCHAR}, 
      #{custSex,jdbcType=INTEGER}, #{custPhone,jdbcType=VARCHAR}, #{custIdcard,jdbcType=VARCHAR}, 
      #{custAdress,jdbcType=VARCHAR}, #{custMarryState,jdbcType=INTEGER}, #{custDriveState,jdbcType=VARCHAR}, 
      #{custMoney,jdbcType=DOUBLE}, #{custDebtState,jdbcType=INTEGER}, #{custDebtMoney,jdbcType=DOUBLE}
      )
  </insert>
  <insert id="insertSelective" parameterType="cn.edu.nuc.carloan.model.Customer">
    insert into customer
    <trim prefix="(" suffix=")" suffixOverrides=",">
      <if test="custId != null">
        cust_id,
      </if>
      <if test="custName != null">
        cust_name,
      </if>
      <if test="custPwd != null">
        cust_pwd,
      </if>
      <if test="custSex != null">
        cust_sex,
      </if>
      <if test="custPhone != null">
        cust_phone,
      </if>
      <if test="custIdcard != null">
        cust_idcard,
      </if>
      <if test="custAdress != null">
        cust_adress,
      </if>
      <if test="custMarryState != null">
        cust_marry_state,
      </if>
      <if test="custDriveState != null">
        cust_drive_state,
      </if>
      <if test="custMoney != null">
        cust_money,
      </if>
      <if test="custDebtState != null">
        cust_debt_state,
      </if>
      <if test="custDebtMoney != null">
        cust_debt_money,
      </if>
    </trim>
    <trim prefix="values (" suffix=")" suffixOverrides=",">
      <if test="custId != null">
        #{custId,jdbcType=INTEGER},
      </if>
      <if test="custName != null">
        #{custName,jdbcType=VARCHAR},
      </if>
      <if test="custPwd != null">
        #{custPwd,jdbcType=VARCHAR},
      </if>
      <if test="custSex != null">
        #{custSex,jdbcType=INTEGER},
      </if>
      <if test="custPhone != null">
        #{custPhone,jdbcType=VARCHAR},
      </if>
      <if test="custIdcard != null">
        #{custIdcard,jdbcType=VARCHAR},
      </if>
      <if test="custAdress != null">
        #{custAdress,jdbcType=VARCHAR},
      </if>
      <if test="custMarryState != null">
        #{custMarryState,jdbcType=INTEGER},
      </if>
      <if test="custDriveState != null">
        #{custDriveState,jdbcType=VARCHAR},
      </if>
      <if test="custMoney != null">
        #{custMoney,jdbcType=DOUBLE},
      </if>
      <if test="custDebtState != null">
        #{custDebtState,jdbcType=INTEGER},
      </if>
      <if test="custDebtMoney != null">
        #{custDebtMoney,jdbcType=DOUBLE},
      </if>
    </trim>
  </insert>
  <update id="updateByPrimaryKeySelective" parameterType="cn.edu.nuc.carloan.model.Customer">
    update customer
    <set>
      <if test="custName != null">
        cust_name = #{custName,jdbcType=VARCHAR},
      </if>
      <if test="custPwd != null">
        cust_pwd = #{custPwd,jdbcType=VARCHAR},
      </if>
      <if test="custSex != null">
        cust_sex = #{custSex,jdbcType=INTEGER},
      </if>
      <if test="custPhone != null">
        cust_phone = #{custPhone,jdbcType=VARCHAR},
      </if>
      <if test="custIdcard != null">
        cust_idcard = #{custIdcard,jdbcType=VARCHAR},
      </if>
      <if test="custAdress != null">
        cust_adress = #{custAdress,jdbcType=VARCHAR},
      </if>
      <if test="custMarryState != null">
        cust_marry_state = #{custMarryState,jdbcType=INTEGER},
      </if>
      <if test="custDriveState != null">
        cust_drive_state = #{custDriveState,jdbcType=VARCHAR},
      </if>
      <if test="custMoney != null">
        cust_money = #{custMoney,jdbcType=DOUBLE},
      </if>
      <if test="custDebtState != null">
        cust_debt_state = #{custDebtState,jdbcType=INTEGER},
      </if>
      <if test="custDebtMoney != null">
        cust_debt_money = #{custDebtMoney,jdbcType=DOUBLE},
      </if>
    </set>
    where cust_id = #{custId,jdbcType=INTEGER}
  </update>
  <update id="updateByPrimaryKey" parameterType="cn.edu.nuc.carloan.model.Customer">
    update customer
    set cust_name = #{custName,jdbcType=VARCHAR},
      cust_pwd = #{custPwd,jdbcType=VARCHAR},
      cust_sex = #{custSex,jdbcType=INTEGER},
      cust_phone = #{custPhone,jdbcType=VARCHAR},
      cust_idcard = #{custIdcard,jdbcType=VARCHAR},
      cust_adress = #{custAdress,jdbcType=VARCHAR},
      cust_marry_state = #{custMarryState,jdbcType=INTEGER},
      cust_drive_state = #{custDriveState,jdbcType=VARCHAR},
      cust_money = #{custMoney,jdbcType=DOUBLE},
      cust_debt_state = #{custDebtState,jdbcType=INTEGER},
      cust_debt_money = #{custDebtMoney,jdbcType=DOUBLE}
    where cust_id = #{custId,jdbcType=INTEGER}
  </update>
  <select id="count"  resultType="int">
	   select 
      count(cust_id) from customer 
	 </select>
	 <select id="findAll" parameterType="cn.edu.nuc.carloan.dto.Tool" resultType="Customer">
	    select 
	     <include refid="Base_Column_List" />
	     from customer
	     where 
         (case when (#{custName}!='') 
              then  cust_name =#{custName}
               else (0=0) end 
         ) 
	       limit #{start},#{offset}
	 </select>
	 <select id="selectByIdcard" parameterType="String" resultType="Customer">
	   select  <include refid="Base_Column_List" />from customer 
	    where cust_idcard = #{custIdcard,jdbcType=VARCHAR}
	 </select>
</mapper>