<?xml version="1.0" encoding="UTF-8"?>
<!DOCTYPE mapper PUBLIC "-//mybatis.org//DTD Mapper 3.0//EN" "http://mybatis.org/dtd/mybatis-3-mapper.dtd">
<mapper namespace="cn.edu.nuc.carloan.dao.interfaces.InsuranceMapper">
  <resultMap id="BaseResultMap" type="cn.edu.nuc.carloan.model.Insurance">
    <id column="insure_id" jdbcType="INTEGER" property="insureId" />
    <result column="tbcomp_id" jdbcType="INTEGER" property="tbcompId" />
    <result column="insure_start_time" jdbcType="DATE" property="insureStartTime" />
    <result column="insure_end_time" jdbcType="DATE" property="insureEndTime" />
    <result column="insure_money" jdbcType="DOUBLE" property="insureMoney" />
    <result column="allmoney" jdbcType="DOUBLE" property="allmoney" />
  </resultMap>
  <sql id="Base_Column_List">
    insure_id, tbcomp_id, insure_start_time, insure_end_time, insure_money, allmoney
  </sql>
  <select id="selectByPrimaryKey" parameterType="java.lang.Integer" resultMap="BaseResultMap">
    select 
    <include refid="Base_Column_List" />
    from insurance
    where insure_id = #{insureId,jdbcType=INTEGER}
  </select>
  <delete id="deleteByPrimaryKey" parameterType="java.lang.Integer">
    delete from insurance
    where insure_id = #{insureId,jdbcType=INTEGER}
  </delete>
  <insert id="insert" parameterType="cn.edu.nuc.carloan.model.Insurance">
    insert into insurance (insure_id, tbcomp_id, insure_start_time, 
      insure_end_time, insure_money, allmoney
      )
    values (#{insureId,jdbcType=INTEGER}, #{tbcompId,jdbcType=INTEGER}, #{insureStartTime,jdbcType=DATE}, 
      #{insureEndTime,jdbcType=DATE}, #{insureMoney,jdbcType=DOUBLE}, #{allmoney,jdbcType=DOUBLE}
      )
  </insert>
  <insert id="insertSelective" parameterType="cn.edu.nuc.carloan.model.Insurance">
    insert into insurance
    <trim prefix="(" suffix=")" suffixOverrides=",">
      <if test="insureId != null">
        insure_id,
      </if>
      <if test="tbcompId != null">
        tbcomp_id,
      </if>
      <if test="insureStartTime != null">
        insure_start_time,
      </if>
      <if test="insureEndTime != null">
        insure_end_time,
      </if>
      <if test="insureMoney != null">
        insure_money,
      </if>
      <if test="allmoney != null">
        allmoney,
      </if>
    </trim>
    <trim prefix="values (" suffix=")" suffixOverrides=",">
      <if test="insureId != null">
        #{insureId,jdbcType=INTEGER},
      </if>
      <if test="tbcompId != null">
        #{tbcompId,jdbcType=INTEGER},
      </if>
      <if test="insureStartTime != null">
        #{insureStartTime,jdbcType=DATE},
      </if>
      <if test="insureEndTime != null">
        #{insureEndTime,jdbcType=DATE},
      </if>
      <if test="insureMoney != null">
        #{insureMoney,jdbcType=DOUBLE},
      </if>
      <if test="allmoney != null">
        #{allmoney,jdbcType=DOUBLE},
      </if>
    </trim>
  </insert>
  <update id="updateByPrimaryKeySelective" parameterType="cn.edu.nuc.carloan.model.Insurance">
    update insurance
    <set>
      <if test="tbcompId != null">
        tbcomp_id = #{tbcompId,jdbcType=INTEGER},
      </if>
      <if test="insureStartTime != null">
        insure_start_time = #{insureStartTime,jdbcType=DATE},
      </if>
      <if test="insureEndTime != null">
        insure_end_time = #{insureEndTime,jdbcType=DATE},
      </if>
      <if test="insureMoney != null">
        insure_money = #{insureMoney,jdbcType=DOUBLE},
      </if>
      <if test="allmoney != null">
        allmoney = #{allmoney,jdbcType=DOUBLE},
      </if>
    </set>
    where insure_id = #{insureId,jdbcType=INTEGER}
  </update>
  <update id="updateByPrimaryKey" parameterType="cn.edu.nuc.carloan.model.Insurance">
    update insurance
    set tbcomp_id = #{tbcompId,jdbcType=INTEGER},
      insure_start_time = #{insureStartTime,jdbcType=DATE},
      insure_end_time = #{insureEndTime,jdbcType=DATE},
      insure_money = #{insureMoney,jdbcType=DOUBLE},
      allmoney = #{allmoney,jdbcType=DOUBLE}
    where insure_id = #{insureId,jdbcType=INTEGER}
  </update>
</mapper>