<?xml version="1.0" encoding="UTF-8"?>
<!DOCTYPE mapper PUBLIC "-//mybatis.org//DTD Mapper 3.0//EN" "http://mybatis.org/dtd/mybatis-3-mapper.dtd">
<mapper namespace="cn.edu.nuc.carloan.dao.interfaces.LoanMapper">
  <resultMap id="BaseResultMap" type="cn.edu.nuc.carloan.model.Loan">
    <id column="loan_id" jdbcType="INTEGER" property="loanId" />
    <result column="insure_id" jdbcType="INTEGER" property="insureId" />
    <result column="car_brand" jdbcType="VARCHAR" property="carBrand" />
    <result column="car_type" jdbcType="VARCHAR" property="carType" />
    <result column="car_price" jdbcType="DOUBLE" property="carPrice" />
    <result column="car_engine" jdbcType="VARCHAR" property="carEngine" />
    <result column="car_gearbox" jdbcType="VARCHAR" property="carGearbox" />
    <result column="car_boxsize" jdbcType="FLOAT" property="carBoxsize" />
    <result column="car_remark" jdbcType="VARCHAR" property="carRemark" />
    <result column="lsqmoney" jdbcType="DOUBLE" property="lsqmoney" />
    <result column="lsqtime" jdbcType="INTEGER" property="lsqtime" />
    <result column="lsqdate" jdbcType="DATE" property="lsqdate" />
    <result column="lspmoney" jdbcType="DOUBLE" property="lspmoney" />
    <result column="lspdate" jdbcType="DATE" property="lspdate" />
    <result column="ldkdate" jdbcType="DATE" property="ldkdate" />
    <result column="ldkcard" jdbcType="VARCHAR" property="ldkcard" />
    <result column="lfqnumber" jdbcType="INTEGER" property="lfqnumber" />
    <result column="lcheck_car_uid" jdbcType="INTEGER" property="lcheckCarUid" />
    <result column="lcheck_car_uname" jdbcType="VARCHAR" property="lcheckCarUname" />
    <result column="lcheck_car_date" jdbcType="DATE" property="lcheckCarDate" />
    <result column="lcheck_car_state" jdbcType="INTEGER" property="lcheckCarState" />
    <result column="lcheck_cust_uid" jdbcType="INTEGER" property="lcheckCustUid" />
    <result column="lcheck_cust_uname" jdbcType="VARCHAR" property="lcheckCustUname" />
    <result column="lcheck_cust_date" jdbcType="DATE" property="lcheckCustDate" />
    <result column="lcheck_cust_state" jdbcType="INTEGER" property="lcheckCustState" />
    <result column="lcheck_insure_uid" jdbcType="INTEGER" property="lcheckInsureUid" />
    <result column="lcheck_insure_uname" jdbcType="VARCHAR" property="lcheckInsureUname" />
    <result column="lcheck_insure_date" jdbcType="DATE" property="lcheckInsureDate" />
    <result column="lcheck_insure_state" jdbcType="INTEGER" property="lcheckInsureState" />
    <result column="lcheck_bank_uid" jdbcType="INTEGER" property="lcheckBankUid" />
    <result column="lcheck_bank_uname" jdbcType="VARCHAR" property="lcheckBankUname" />
    <result column="lcheck_bank_date" jdbcType="DATE" property="lcheckBankDate" />
    <result column="lcheck_bank_state" jdbcType="INTEGER" property="lcheckBankState" />
    <result column="lstate" jdbcType="INTEGER" property="lstate" />
  </resultMap>
  <sql id="Base_Column_List">
    loan_id,insure_id, car_brand,car_type,car_price,car_engine,car_gearbox,
    car_boxsize,car_remark, lsqmoney, lsqtime, lsqdate, lspmoney, 
    lspdate, ldkdate, ldkcard, lfqnumber, lcheck_car_uid, lcheck_car_uname, lcheck_car_date, 
    lcheck_car_state, lcheck_cust_uid, lcheck_cust_uname, lcheck_cust_date, lcheck_cust_state, 
    lcheck_insure_uid, lcheck_insure_uname, lcheck_insure_date, lcheck_insure_state, 
    lcheck_bank_uid, lcheck_bank_uname, lcheck_bank_date, lcheck_bank_state,lstate
  </sql>
  <select id="selectByPrimaryKey" parameterType="java.lang.Integer" resultMap="BaseResultMap">
    select 
   <include refid="Base_Column_List" />,
	   c.cust_id 'customer.custId',
	   c.cust_name 'customer.custName',
	   c.cust_sex 'customer.custSex',
	   c.cust_phone 'customer.custPhone',
	   c.cust_idcard 'customer.custIdcard',
	   c.cust_adress 'customer.custAdress',
	   c.cust_marry_state 'customer.custMarryState',
	   c.cust_drive_state 'customer.custDriveState',
	   c.cust_money 'customer.custMoney',
	   c.cust_debt_state 'customer.custDebtState',
	   c.cust_debt_money 'customer.custDebtMoney',
	   u.userid 'register.userid',
	   u.username 'register.username', 
	   b.bank_id 'bank.bankId',
	   b.bank_name 'bank.bankName',
	   b.bank_simple_name 'bank.bankSimpleName',
	   b.bank_address 'bank.bankAddress',
	   b.bank_phone 'bank.bankPhone'
       from loan l left join customer c on l.cust_id = c.cust_idcard
       left join  sysuser u on l.register = u.userid 
       left join bank b on l.bank_id= b.bank_id
    where loan_id = #{loanId,jdbcType=INTEGER}
  </select>
  <delete id="deleteByPrimaryKey" parameterType="java.lang.Integer">
    delete from loan
    where loan_id = #{loanId,jdbcType=INTEGER}
  </delete>  
  <insert id="insertSelective" parameterType="cn.edu.nuc.carloan.model.Loan">
    insert into loan
    <trim prefix="(" suffix=")" suffixOverrides=",">
      <if test="loanId != null">
        loan_id,
      </if>
      <if test="customer.custIdcard != null">
        cust_id,
      </if>
      <if test="insureId != null">
        insure_id,
      </if>
      <if test="bank.bankId != null">
        bank_id,
      </if>
      <if test="carBrand!= null">
        car_brand,
      </if>
      <if test="carType!= null">
        car_type,
      </if>
      <if test="carPrice!= null">
        car_price,
      </if>
      <if test="carEngine!= null">
        car_engine,
      </if>
      <if test="carGearbox!= null">
        car_gearBox,
      </if>
      <if test="carBoxsize!= null">
        car_boxsize,
      </if>
      <if test="carRemark!= null">
        car_remark,
      </if>
      <if test="lsqmoney != null">
        lsqmoney,
      </if>
      <if test="lsqtime != null">
        lsqtime,
      </if>
      <if test="lsqdate != null">
        lsqdate,
      </if>
       <if test="register.userid != null">
        register,
      </if>
      <if test="lspmoney != null">
        lspmoney,
      </if>
      <if test="lspdate != null">
        lspdate,
      </if>
      <if test="ldkdate != null">
        ldkdate,
      </if>
      <if test="ldkcard != null">
        ldkcard,
      </if>
      <if test="lfqnumber != null">
        lfqnumber,
      </if>
      <if test="lcheckCarUid != null">
        lcheck_car_uid,
      </if>
      <if test="lcheckCarUname != null">
        lcheck_car_uname,
      </if>
      <if test="lcheckCarDate != null">
        lcheck_car_date,
      </if>
      <if test="lcheckCarState != null">
        lcheck_car_state,
      </if>
      <if test="lcheckCustUid != null">
        lcheck_cust_uid,
      </if>
      <if test="lcheckCustUname != null">
        lcheck_cust_uname,
      </if>
      <if test="lcheckCustDate != null">
        lcheck_cust_date,
      </if>
      <if test="lcheckCustState != null">
        lcheck_cust_state,
      </if>
      <if test="lcheckInsureUid != null">
        lcheck_insure_uid,
      </if>
      <if test="lcheckInsureUname != null">
        lcheck_insure_uname,
      </if>
      <if test="lcheckInsureDate != null">
        lcheck_insure_date,
      </if>
      <if test="lcheckInsureState != null">
        lcheck_insure_state,
      </if>
      <if test="lcheckBankUid != null">
        lcheck_bank_uid,
      </if>
      <if test="lcheckBankUname != null">
        lcheck_bank_uname,
      </if>
      <if test="lcheckBankDate != null">
        lcheck_bank_date,
      </if>
      <if test="lcheckBankState != null">
        lcheck_bank_state,
      </if>
    </trim>
    <trim prefix="values (" suffix=")" suffixOverrides=",">
      <if test="loanId != null">
        #{loanId,jdbcType=INTEGER},
      </if>
      <if test="customer.custIdcard != null">
        #{customer.custIdcard,jdbcType=INTEGER},
      </if>
      <if test="insureId != null">
        #{insureId,jdbcType=INTEGER},
      </if>
      <if test="bank.bankId != null">
        #{bank.bankId,jdbcType=INTEGER},
      </if>
     <if test="carBrand != null">
        #{carBrand,jdbcType=VARCHAR},
      </if>
      <if test="carType != null">
        #{carType,jdbcType=VARCHAR},
      </if>
      <if test="carPrice != null">
        #{carPrice,jdbcType=DOUBLE},
      </if>
      <if test="carEngine != null">
        #{carEngine,jdbcType=VARCHAR},
      </if>
       <if test="carGearbox != null">
        #{carGearbox,jdbcType=VARCHAR},
      </if>
       <if test="carBoxsize != null">
        #{carBoxsize,jdbcType=FLOAT},
      </if>
      <if test="carRemark != null">
        #{carRemark,jdbcType=VARCHAR},
      </if>
      <if test="lsqmoney != null">
        #{lsqmoney,jdbcType=DOUBLE},
      </if>
      <if test="lsqtime != null">
        #{lsqtime,jdbcType=INTEGER},
      </if>
      <if test="lsqdate != null">
        #{lsqdate,jdbcType=DATE},
      </if>
       <if test="register.userid != null">
        #{register.userid,jdbcType=INTEGER},
      </if>
      <if test="lspmoney != null">
        #{lspmoney,jdbcType=DOUBLE},
      </if>
      <if test="lspdate != null">
        #{lspdate,jdbcType=DATE},
      </if>
      <if test="ldkdate != null">
        #{ldkdate,jdbcType=DATE},
      </if>
      <if test="ldkcard != null">
        #{ldkcard,jdbcType=VARCHAR},
      </if>
      <if test="lfqnumber != null">
        #{lfqnumber,jdbcType=INTEGER},
      </if>
      <if test="lcheckCarUid != null">
        #{lcheckCarUid,jdbcType=INTEGER},
      </if>
      <if test="lcheckCarUname != null">
        #{lcheckCarUname,jdbcType=VARCHAR},
      </if>
      <if test="lcheckCarDate != null">
        #{lcheckCarDate,jdbcType=DATE},
      </if>
      <if test="lcheckCarState != null">
        #{lcheckCarState,jdbcType=INTEGER},
      </if>
      <if test="lcheckCustUid != null">
        #{lcheckCustUid,jdbcType=INTEGER},
      </if>
      <if test="lcheckCustUname != null">
        #{lcheckCustUname,jdbcType=VARCHAR},
      </if>
      <if test="lcheckCustDate != null">
        #{lcheckCustDate,jdbcType=DATE},
      </if>
      <if test="lcheckCustState != null">
        #{lcheckCustState,jdbcType=INTEGER},
      </if>
      <if test="lcheckInsureUid != null">
        #{lcheckInsureUid,jdbcType=INTEGER},
      </if>
      <if test="lcheckInsureUname != null">
        #{lcheckInsureUname,jdbcType=VARCHAR},
      </if>
      <if test="lcheckInsureDate != null">
        #{lcheckInsureDate,jdbcType=DATE},
      </if>
      <if test="lcheckInsureState != null">
        #{lcheckInsureState,jdbcType=INTEGER},
      </if>
      <if test="lcheckBankUid != null">
        #{lcheckBankUid,jdbcType=INTEGER},
      </if>
      <if test="lcheckBankUname != null">
        #{lcheckBankUname,jdbcType=VARCHAR},
      </if>
      <if test="lcheckBankDate != null">
        #{lcheckBankDate,jdbcType=DATE},
      </if>
      <if test="lcheckBankState != null">
        #{lcheckBankState,jdbcType=INTEGER},
      </if>
    </trim>
  </insert> 
  <select id="count"  resultType="int">
	   select 
      count(loan_id) from loan ;
	 </select>
	 <select id="findAll" parameterType="cn.edu.nuc.carloan.dto.Tool" resultType="loan">
	   select 
	   <include refid="Base_Column_List"/>,
	   c.cust_id 'customer.custId',
	   c.cust_name 'customer.custName',
	   c.cust_phone 'customer.custPhone',
	   c.cust_idcard 'customer.custIdcard',
	   c.cust_sex 'customer.custSex',
	   c.cust_adress 'customer.custAdress',
	   c.cust_marry_state 'customer.custMarryState',
	   c.cust_drive_state 'customer.custDriveState',
	   c.cust_money 'customer.custMoney',
	   c.cust_debt_state 'customer.custDebtState',
	   c.cust_debt_money 'customer.custDebtMoney',
	   u.userid 'register.userid',
	   u.username 'register.username' 
       from loan l left join customer c on l.cust_id = c.cust_idcard
        left join  sysuser u on l.register = u.userid
        where 
        (case when (#{custName}!='') 
              then  c.cust_name =#{custName}
               else (0=0) end 
         ) 
          order by lcheck_cust_state,lcheck_car_state
       limit #{start},#{offset}
	 </select>
	<update id="updateByPrimaryKey" parameterType="cn.edu.nuc.carloan.model.Loan">
	 update loan 
	 <set>
      <if test="lcheckCustUid != null">
        lcheck_cust_uid = #{lcheckCustUid,jdbcType=INTEGER},
      </if>
	  <if test="lcheckCustUname != null">
         lcheck_cust_uname = #{lcheckCustUname,jdbcType=VARCHAR},
      </if>
	   <if test="lcheckCustState != null">
         lcheck_cust_state = #{lcheckCustState,jdbcType=INTEGER},
      </if>
	  <if test="lcheckCustDate != null">
         lcheck_cust_date =  #{lcheckCustDate,jdbcType=DATE},
      </if>
       <if test="lcheckCarUid != null">
        lcheck_car_uid = #{lcheckCarUid,jdbcType=INTEGER},
      </if>
	  <if test="lcheckCarUname != null">
         lcheck_car_uname = #{lcheckCarUname,jdbcType=VARCHAR},
      </if>
	   <if test="lcheckCarState != null">
         lcheck_car_state = #{lcheckCarState,jdbcType=INTEGER},
      </if>
	  <if test="lcheckCarDate != null">
         lcheck_car_date =  #{lcheckCarDate,jdbcType=DATE}, 
      </if>
	  </set>
	  where  loan_id = #{loanId,jdbcType=INTEGER}
	</update> 
</mapper>