<?xml version="1.0" encoding="UTF-8"?>
<!DOCTYPE mapper PUBLIC "-//mybatis.org//DTD Mapper 3.0//EN" "http://mybatis.org/dtd/mybatis-3-mapper.dtd">
<mapper namespace="cn.edu.nuc.carloan.dao.interfaces.PayMapper">
  <resultMap id="BaseResultMap" type="cn.edu.nuc.carloan.model.Pay">
    <id column="pay_id" jdbcType="INTEGER" property="payId" />
    <result column="loan_id" jdbcType="INTEGER" property="loanId" />
    <result column="pay_date" jdbcType="DATE" property="payDate" />
    <result column="pay_money" jdbcType="REAL" property="payMoney" />
    <result column="pay_num" jdbcType="INTEGER" property="payNum" />
    <result column="pay_balance" jdbcType="REAL" property="payBalance" />
    <result column="pay_interest" jdbcType="REAL" property="payInterest" />
  </resultMap>
  <sql id="Base_Column_List">
    pay_id, loan_id, pay_date, pay_money, pay_num, pay_balance, pay_interest
  </sql>
  <select id="selectByPrimaryKey" parameterType="java.lang.Integer" resultMap="BaseResultMap">
    select 
    <include refid="Base_Column_List" />
    from pay
    where pay_id = #{payId,jdbcType=INTEGER}
  </select>
  <delete id="deleteByPrimaryKey" parameterType="java.lang.Integer">
    delete from pay
    where pay_id = #{payId,jdbcType=INTEGER}
  </delete>
  <insert id="insert" parameterType="cn.edu.nuc.carloan.model.Pay">
    insert into pay (pay_id, loan_id, pay_date, 
      pay_money, pay_num, pay_balance, 
      pay_interest)
    values (#{payId,jdbcType=INTEGER}, #{loanId,jdbcType=INTEGER}, #{payDate,jdbcType=DATE}, 
      #{payMoney,jdbcType=REAL}, #{payNum,jdbcType=INTEGER}, #{payBalance,jdbcType=REAL}, 
      #{payInterest,jdbcType=REAL})
  </insert>
  <insert id="insertSelective" parameterType="cn.edu.nuc.carloan.model.Pay">
    insert into pay
    <trim prefix="(" suffix=")" suffixOverrides=",">
      <if test="payId != null">
        pay_id,
      </if>
      <if test="loanId != null">
        loan_id,
      </if>
      <if test="payDate != null">
        pay_date,
      </if>
      <if test="payMoney != null">
        pay_money,
      </if>
      <if test="payNum != null">
        pay_num,
      </if>
      <if test="payBalance != null">
        pay_balance,
      </if>
      <if test="payInterest != null">
        pay_interest,
      </if>
    </trim>
    <trim prefix="values (" suffix=")" suffixOverrides=",">
      <if test="payId != null">
        #{payId,jdbcType=INTEGER},
      </if>
      <if test="loanId != null">
        #{loanId,jdbcType=INTEGER},
      </if>
      <if test="payDate != null">
        #{payDate,jdbcType=DATE},
      </if>
      <if test="payMoney != null">
        #{payMoney,jdbcType=REAL},
      </if>
      <if test="payNum != null">
        #{payNum,jdbcType=INTEGER},
      </if>
      <if test="payBalance != null">
        #{payBalance,jdbcType=REAL},
      </if>
      <if test="payInterest != null">
        #{payInterest,jdbcType=REAL},
      </if>
    </trim>
  </insert>
  <update id="updateByPrimaryKeySelective" parameterType="cn.edu.nuc.carloan.model.Pay">
    update pay
    <set>
      <if test="loanId != null">
        loan_id = #{loanId,jdbcType=INTEGER},
      </if>
      <if test="payDate != null">
        pay_date = #{payDate,jdbcType=DATE},
      </if>
      <if test="payMoney != null">
        pay_money = #{payMoney,jdbcType=REAL},
      </if>
      <if test="payNum != null">
        pay_num = #{payNum,jdbcType=INTEGER},
      </if>
      <if test="payBalance != null">
        pay_balance = #{payBalance,jdbcType=REAL},
      </if>
      <if test="payInterest != null">
        pay_interest = #{payInterest,jdbcType=REAL},
      </if>
    </set>
    where pay_id = #{payId,jdbcType=INTEGER}
  </update>
  <update id="updateByPrimaryKey" parameterType="cn.edu.nuc.carloan.model.Pay">
    update pay
    set loan_id = #{loanId,jdbcType=INTEGER},
      pay_date = #{payDate,jdbcType=DATE},
      pay_money = #{payMoney,jdbcType=REAL},
      pay_num = #{payNum,jdbcType=INTEGER},
      pay_balance = #{payBalance,jdbcType=REAL},
      pay_interest = #{payInterest,jdbcType=REAL}
    where pay_id = #{payId,jdbcType=INTEGER}
  </update>
</mapper>