<?xml version="1.0" encoding="UTF-8"?>
<!DOCTYPE mapper PUBLIC "-//mybatis.org//DTD Mapper 3.0//EN" "http://mybatis.org/dtd/mybatis-3-mapper.dtd">
<mapper namespace="cn.edu.nuc.carloan.dao.interfaces.RateMapper">
  <resultMap id="BaseResultMap" type="cn.edu.nuc.carloan.model.Rate">
    <id column="rateid" jdbcType="INTEGER" property="rateid" />
    <result column="rate" jdbcType="REAL" property="rate" />
    <result column="rnum" jdbcType="INTEGER" property="rnum" />
  </resultMap>
  <sql id="Base_Column_List">
    rateid, rate, rnum
  </sql>
  <select id="selectByPrimaryKey" parameterType="java.lang.Integer" resultMap="BaseResultMap">
    select 
    <include refid="Base_Column_List" />
    from rate
    where rateid = #{rateid,jdbcType=INTEGER}
  </select>
  <delete id="deleteByPrimaryKey" parameterType="java.lang.Integer">
    delete from rate
    where rateid = #{rateid,jdbcType=INTEGER}
  </delete>
  <insert id="insert" parameterType="cn.edu.nuc.carloan.model.Rate">
    insert into rate (rateid, rate, rnum
      )
    values (#{rateid,jdbcType=INTEGER}, #{rate,jdbcType=REAL}, #{rnum,jdbcType=INTEGER}
      )
  </insert>
  <insert id="insertSelective" parameterType="cn.edu.nuc.carloan.model.Rate">
    insert into rate
    <trim prefix="(" suffix=")" suffixOverrides=",">
      <if test="rateid != null">
        rateid,
      </if>
      <if test="rate != null">
        rate,
      </if>
      <if test="rnum != null">
        rnum,
      </if>
    </trim>
    <trim prefix="values (" suffix=")" suffixOverrides=",">
      <if test="rateid != null">
        #{rateid,jdbcType=INTEGER},
      </if>
      <if test="rate != null">
        #{rate,jdbcType=REAL},
      </if>
      <if test="rnum != null">
        #{rnum,jdbcType=INTEGER},
      </if>
    </trim>
  </insert>
  <update id="updateByPrimaryKeySelective" parameterType="cn.edu.nuc.carloan.model.Rate">
    update rate
    <set>
      <if test="rate != null">
        rate = #{rate,jdbcType=REAL},
      </if>
      <if test="rnum != null">
        rnum = #{rnum,jdbcType=INTEGER},
      </if>
    </set>
    where rateid = #{rateid,jdbcType=INTEGER}
  </update>
  <update id="updateByPrimaryKey" parameterType="cn.edu.nuc.carloan.model.Rate">
    update rate
    set rate = #{rate,jdbcType=REAL},
      rnum = #{rnum,jdbcType=INTEGER}
    where rateid = #{rateid,jdbcType=INTEGER}
  </update>
</mapper>