<?xml version="1.0" encoding="UTF-8"?>
<!DOCTYPE mapper PUBLIC "-//mybatis.org//DTD Mapper 3.0//EN" "http://mybatis.org/dtd/mybatis-3-mapper.dtd">
<mapper namespace="cn.edu.nuc.carloan.dao.interfaces.RolerightMapper">
  <resultMap id="BaseResultMap" type="cn.edu.nuc.carloan.model.Roleright">
    <id column="rrid" jdbcType="INTEGER" property="rrid" />
    <result column="roleid" jdbcType="INTEGER" property="roleid" />
    <result column="funid" jdbcType="INTEGER" property="funid" />
  </resultMap>
  <sql id="Base_Column_List">
    rrid, roleid, funid
  </sql>
  <select id="selectByPrimaryKey" parameterType="java.lang.Integer" resultMap="BaseResultMap">
    select 
    <include refid="Base_Column_List" />
    from roleright
    where rrid = #{rrid,jdbcType=INTEGER}
  </select>
  <delete id="deleteByPrimaryKey" parameterType="java.lang.Integer">
    delete from roleright
    where rrid = #{rrid,jdbcType=INTEGER}
  </delete>
  <delete id="deleteByroleid" parameterType="java.lang.Integer">
   delete from roleright
    where roleid = #{roleid,jdbcType=INTEGER}
  </delete>
  <insert id="insert" parameterType="cn.edu.nuc.carloan.model.Roleright">
    insert into roleright (rrid, roleid, funid
      )
    values (#{rrid,jdbcType=INTEGER}, #{roleid,jdbcType=INTEGER}, #{funid,jdbcType=INTEGER}
      )
  </insert>
  <insert id="insertSelective" parameterType="cn.edu.nuc.carloan.model.Roleright">
    insert into roleright
    <trim prefix="(" suffix=")" suffixOverrides=",">
      <if test="rrid != null">
        rrid,
      </if>
      <if test="roleid != null">
        roleid,
      </if>
      <if test="funid != null">
        funid,
      </if>
    </trim>
    <trim prefix="values (" suffix=")" suffixOverrides=",">
      <if test="rrid != null">
        #{rrid,jdbcType=INTEGER},
      </if>
      <if test="roleid != null">
        #{roleid,jdbcType=INTEGER},
      </if>
      <if test="funid != null">
        #{funid,jdbcType=INTEGER},
      </if>
    </trim>
  </insert>
  <update id="updateByPrimaryKeySelective" parameterType="cn.edu.nuc.carloan.model.Roleright">
    update roleright
    <set>
      <if test="roleid != null">
        roleid = #{roleid,jdbcType=INTEGER},
      </if>
      <if test="funid != null">
        funid = #{funid,jdbcType=INTEGER},
      </if>
    </set>
    where rrid = #{rrid,jdbcType=INTEGER}
  </update>
  <update id="updateByPrimaryKey" parameterType="cn.edu.nuc.carloan.model.Roleright">
    update roleright
    set roleid = #{roleid,jdbcType=INTEGER},
      funid = #{funid,jdbcType=INTEGER}
    where rrid = #{rrid,jdbcType=INTEGER}
  </update>
</mapper>