<?xml version="1.0" encoding="UTF-8"?>
<!DOCTYPE mapper PUBLIC "-//mybatis.org//DTD Mapper 3.0//EN" "http://mybatis.org/dtd/mybatis-3-mapper.dtd">
<mapper namespace="cn.edu.nuc.carloan.dao.interfaces.SysfunctionMapper">
	<resultMap id="BaseResultMap" type="cn.edu.nuc.carloan.model.Sysfunction">
		<id column="funid" jdbcType="INTEGER" property="funid" />
		<result column="funname" jdbcType="VARCHAR" property="funname" />
		<result column="funurl" jdbcType="VARCHAR" property="funurl" />
		<result column="funpid" jdbcType="INTEGER" property="funpid" />
		<result column="funpname" jdbcType="VARCHAR" property="funpname"/>
		<result column="funstate" jdbcType="INTEGER" property="funstate" />
	</resultMap>
	<sql id="Base_Column_List">
		funid, funname, funurl, funpid
	</sql>
	<select id="selectAll" resultMap="BaseResultMap">
		select
		<include refid="Base_Column_List" />
		from sysfunction
		where funstate = 1
	</select>
	<select id="selectByUser" parameterType="java.lang.Integer"
		resultMap="BaseResultMap">
		select
		sysfunction.funid, funname, funurl, funpid
		from sysfunction INNER JOIN roleright ON
		sysfunction.funid=roleright.funid
		WHERE sysfunction.funstate=1 AND
		roleright.roleid=#{roleid,jdbcType=INTEGER}
	</select>
	<select id="selectByPrimaryKey" parameterType="java.lang.Integer"
		resultMap="BaseResultMap">
		 select a.funid,a.funname,a.funurl,a.funpid,a.funstate,
		(case when b.funname is null then '无' else b.funname end) as funpname 
        from sysfunction a left outer join sysfunction b on
        a.funpid=b.funid
		where a.funid = #{funid,jdbcType=INTEGER}
	</select>
	<delete id="deleteByPrimaryKey" parameterType="java.lang.Integer">
		delete from sysfunction
		where funid = #{funid,jdbcType=INTEGER}
	</delete>
	<insert id="insert" parameterType="cn.edu.nuc.carloan.model.Sysfunction">
		insert into sysfunction (funid, funname, funurl,
		funpid, funstate)
		values (#{funid,jdbcType=INTEGER}, #{funname,jdbcType=VARCHAR},
		#{funurl,jdbcType=VARCHAR},
		#{funpid,jdbcType=INTEGER}, #{funstate,jdbcType=INTEGER})
	</insert>
	<insert id="insertSelective" parameterType="cn.edu.nuc.carloan.model.Sysfunction">
		insert into sysfunction
		<trim prefix="(" suffix=")" suffixOverrides=",">
			<if test="funid != null">
				funid,
			</if>
			<if test="funname != null">
				funname,
			</if>
			<if test="funurl != null">
				funurl,
			</if>
			<if test="funpid != null">
				funpid,
			</if>
			<if test="funstate != null">
				funstate,
			</if>
		</trim>
		<trim prefix="values (" suffix=")" suffixOverrides=",">
			<if test="funid != null">
				#{funid,jdbcType=INTEGER},
			</if>
			<if test="funname != null">
				#{funname,jdbcType=VARCHAR},
			</if>
			<if test="funurl != null">
				#{funurl,jdbcType=VARCHAR},
			</if>
			<if test="funpid != null">
				#{funpid,jdbcType=INTEGER},
			</if>
			<if test="funstate != null">
				#{funstate,jdbcType=INTEGER},
			</if>
		</trim>
	</insert>
	<update id="updateByPrimaryKeySelective" parameterType="cn.edu.nuc.carloan.model.Sysfunction">
		update sysfunction
		<set>
			<if test="funname != null">
				funname = #{funname,jdbcType=VARCHAR},
			</if>
			<if test="funurl != null">
				funurl = #{funurl,jdbcType=VARCHAR},
			</if>
			<if test="funpid != null">
				funpid = #{funpid,jdbcType=INTEGER},
			</if>
			<if test="funstate != null">
				funstate = #{funstate,jdbcType=INTEGER},
			</if>
		</set>
		where funid = #{funid,jdbcType=INTEGER}
	</update>
	<update id="updateByPrimaryKey" parameterType="cn.edu.nuc.carloan.model.Sysfunction">
		update sysfunction
		set funname = #{funname,jdbcType=VARCHAR},
		funurl = #{funurl,jdbcType=VARCHAR},
		funpid = #{funpid,jdbcType=INTEGER},
		funstate = #{funstate,jdbcType=INTEGER}
		where funid = #{funid,jdbcType=INTEGER}
	</update>
	 <select id="count"  resultType="int">
	   select 
      count(funid) from sysfunction ;
	 </select>
	 <select id="findAll" parameterType="cn.edu.nuc.carloan.dto.Tool" resultType="Sysfunction">
	    select a.funid,a.funname,a.funurl,a.funpid,a.funstate,
		(case when b.funname is null then '无' else b.funname end) as funpname 
       from sysfunction a left outer join sysfunction b on
       a.funpid=b.funid  where 
        (case when (#{funname}!='') 
              then  a.funname =#{funname}
               else (0=0) end 
         ) 
       limit #{start},#{offset}
	 </select>
	 <select id="selectByroleid" parameterType="java.lang.Integer" resultType="Sysfunction">
		 select a.funid,a.funname,a.funurl,a.funpid,a.funstate, 
		 (CASE WHEN b.rrid IS NULL THEN '0' ELSE '1' END) as rr 
		 from sysfunction a 
		LEFT OUTER JOIN ROLERIGHT b ON a.funid=b.funid AND b.roleid=#{roleid}
		WHERE A.funstate=1 
	  </select>
</mapper>