<?xml version="1.0" encoding="UTF-8"?>
<!DOCTYPE mapper PUBLIC "-//mybatis.org//DTD Mapper 3.0//EN" "http://mybatis.org/dtd/mybatis-3-mapper.dtd">
<mapper namespace="cn.edu.nuc.carloan.dao.interfaces.SysroleMapper">
  <resultMap id="BaseResultMap" type="cn.edu.nuc.carloan.model.Sysrole">
    <id column="roleid" jdbcType="INTEGER" property="roleid" />
    <result column="rolename" jdbcType="VARCHAR" property="rolename" />
    <result column="rolestate" jdbcType="INTEGER" property="rolestate" />
    <result column="roledesc" jdbcType="VARCHAR" property="roledesc" />
  </resultMap>
  <sql id="Base_Column_List">
    roleid, rolename, rolestate, roledesc
  </sql>
  <select id="selectByPrimaryKey" parameterType="java.lang.Integer" resultMap="BaseResultMap">
    select 
    <include refid="Base_Column_List" />
    from sysrole
    where roleid = #{roleid,jdbcType=INTEGER}
  </select>
  <delete id="deleteByPrimaryKey" parameterType="java.lang.Integer">
    delete from sysrole
    where roleid = #{roleid,jdbcType=INTEGER}
  </delete>
  <insert id="insert" parameterType="cn.edu.nuc.carloan.model.Sysrole">
    insert into sysrole (roleid, rolename, rolestate, 
      roledesc)
    values (#{roleid,jdbcType=INTEGER}, #{rolename,jdbcType=VARCHAR}, #{rolestate,jdbcType=INTEGER}, 
      #{roledesc,jdbcType=VARCHAR})
  </insert>
  <insert id="insertSelective" parameterType="cn.edu.nuc.carloan.model.Sysrole">
    insert into sysrole
    <trim prefix="(" suffix=")" suffixOverrides=",">
      <if test="roleid != null">
        roleid,
      </if>
      <if test="rolename != null">
        rolename,
      </if>
      <if test="rolestate != null">
        rolestate,
      </if>
      <if test="roledesc != null">
        roledesc,
      </if>
    </trim>
    <trim prefix="values (" suffix=")" suffixOverrides=",">
      <if test="roleid != null">
        #{roleid,jdbcType=INTEGER},
      </if>
      <if test="rolename != null">
        #{rolename,jdbcType=VARCHAR},
      </if>
      <if test="rolestate != null">
        #{rolestate,jdbcType=INTEGER},
      </if>
      <if test="roledesc != null">
        #{roledesc,jdbcType=VARCHAR},
      </if>
    </trim>
  </insert>
  <update id="updateByPrimaryKeySelective" parameterType="cn.edu.nuc.carloan.model.Sysrole">
    update sysrole
    <set>
      <if test="rolename != null">
        rolename = #{rolename,jdbcType=VARCHAR},
      </if>
      <if test="rolestate != null">
        rolestate = #{rolestate,jdbcType=INTEGER},
      </if>
      <if test="roledesc != null">
        roledesc = #{roledesc,jdbcType=VARCHAR},
      </if>
    </set>
    where roleid = #{roleid,jdbcType=INTEGER}
  </update>
  <update id="updateByPrimaryKey" parameterType="cn.edu.nuc.carloan.model.Sysrole">
    update sysrole
    set rolename = #{rolename,jdbcType=VARCHAR},
      rolestate = #{rolestate,jdbcType=INTEGER},
      roledesc = #{roledesc,jdbcType=VARCHAR}
    where roleid = #{roleid,jdbcType=INTEGER}
  </update>
  <select id="count"  resultType="int">
	   select 
      count(roleid) from sysrole ;
	 </select>
	 <select id="findAll" parameterType="cn.edu.nuc.carloan.dto.Tool" resultType="Sysrole">
	   select roleid,rolename,roledesc,rolestate
       from sysrole where 
        (case when (#{rolename}!='') 
              then  rolename =#{rolename}
               else (0=0) end 
         ) 
       limit #{start},#{offset}
	 </select>
	 <select id="rolelist" resultMap="BaseResultMap">
	 select 
	 <include refid="Base_Column_List" />
    from sysrole where rolestate = 1
	 </select>
</mapper>