<?xml version="1.0" encoding="UTF-8"?>
<!DOCTYPE mapper PUBLIC "-//mybatis.org//DTD Mapper 3.0//EN" "http://mybatis.org/dtd/mybatis-3-mapper.dtd">
<mapper namespace="cn.edu.nuc.carloan.dao.interfaces.SysuserMapper">
  <resultMap id="BaseResultMap" type="cn.edu.nuc.carloan.model.Sysuser">
    <id column="userid" jdbcType="INTEGER" property="userid" />
    <result column="username" jdbcType="VARCHAR" property="username" />
    <result column="userpwd" jdbcType="VARCHAR" property="userpwd" />
    <result column="usertruename" jdbcType="VARCHAR" property="usertruename" />
    <result column="userstate" jdbcType="INTEGER" property="userstate" />
  </resultMap>
  <sql id="Base_Column_List">
    userid, username, userpwd, usertruename, userstate
  </sql>
  <select id="serachname" resultType="String">
  select username from sysuser
  </select>
  <select id="findByUsername" resultType="Sysuser" parameterType="String">
   select 
    u.userid,
    u.username,
    u.userpwd,
    u.usertruename,
    u.userstate,
    r.roleid 'sysrole.roleid',
    r.rolename 'sysrole.rolename',
    r.rolestate 'sysrole.rolestate'
    from sysuser u LEFT JOIN sysrole r on u.roleid = r.roleid where username = #{value}
  </select>
  <select id="selectByPrimaryKey" parameterType="java.lang.Integer" resultMap="BaseResultMap">
  select 
    u.userid,
    u.username,
    u.userpwd,
    u.usertruename,
    u.userstate,
    r.roleid 'sysrole.roleid',
    r.rolename 'sysrole.rolename',
    r.rolestate 'sysrole.rolestate'
    from sysuser u LEFT JOIN sysrole r on u.roleid = r.roleid 
    where userid = #{userid,jdbcType=INTEGER}
  </select>
  <select id="selectByUser" parameterType="java.lang.Integer" resultMap="BaseResultMap">
    select a.funid,a.funname,a.funurl,a.funpid from sysfunction a 
    inner join roleright b on a.funid=b.funid where b.roleid=#{roleid} and a.funstate=1
  </select>
  <delete id="deleteByPrimaryKey" parameterType="java.lang.Integer">
    delete from sysuser
    where userid = #{userid,jdbcType=INTEGER}
  </delete>
  <insert id="insert" parameterType="cn.edu.nuc.carloan.model.Sysuser">
    insert into sysuser (userid, roleid, username, 
      userpwd, usertruename, userstate
      )
    values (#{userid,jdbcType=INTEGER}, #{roleid,jdbcType=INTEGER}, #{username,jdbcType=VARCHAR}, 
      #{userpwd,jdbcType=VARCHAR}, #{usertruename,jdbcType=VARCHAR}, #{userstate,jdbcType=INTEGER}
      )
  </insert>
  <insert id="insertSelective" parameterType="cn.edu.nuc.carloan.model.Sysuser">
    insert into sysuser
    <trim prefix="(" suffix=")" suffixOverrides=",">
      <if test="userid != null">
        userid,
      </if>
      <if test="sysrole.roleid != null">
        roleid,
      </if>
      <if test="username != null">
        username,
      </if>
      <if test="userpwd != null">
        userpwd,
      </if>
      <if test="usertruename != null">
        usertruename,
      </if>
      <if test="userstate != null">
        userstate,
      </if>
    </trim>
    <trim prefix="values (" suffix=")" suffixOverrides=",">
      <if test="userid != null">
        #{userid,jdbcType=INTEGER},
      </if>
      <if test="sysrole.roleid != null">
        #{sysrole.roleid,jdbcType=INTEGER},
      </if>
      <if test="username != null">
        #{username,jdbcType=VARCHAR},
      </if>
      <if test="userpwd != null">
        #{userpwd,jdbcType=VARCHAR},
      </if>
      <if test="usertruename != null">
        #{usertruename,jdbcType=VARCHAR},
      </if>
      <if test="userstate != null">
        #{userstate,jdbcType=INTEGER},
      </if>
    </trim>
  </insert>
  <update id="updateByPrimaryKeySelective" parameterType="cn.edu.nuc.carloan.model.Sysuser">
    update sysuser
    <set>
      <if test="sysrole.roleid != null">
        roleid = #{sysrole.roleid,jdbcType=INTEGER},
      </if>
      <if test="username != null">
        username = #{username,jdbcType=VARCHAR},
      </if>
      <if test="userpwd != null">
        userpwd = #{userpwd,jdbcType=VARCHAR},
      </if>
      <if test="usertruename != null">
        usertruename = #{usertruename,jdbcType=VARCHAR},
      </if>
      <if test="userstate != null">
        userstate = #{userstate,jdbcType=INTEGER},
      </if>
    </set>
    where userid = #{userid,jdbcType=INTEGER}
  </update>
  <update id="updateByPrimaryKey" parameterType="cn.edu.nuc.carloan.model.Sysuser">
    update sysuser
    set roleid = #{roleid,jdbcType=INTEGER},
      username = #{username,jdbcType=VARCHAR},
      userpwd = #{userpwd,jdbcType=VARCHAR},
      usertruename = #{usertruename,jdbcType=VARCHAR},
      userstate = #{userstate,jdbcType=INTEGER}
    where userid = #{userid,jdbcType=INTEGER}
  </update>
  <select id="count"  resultType="int">
	   select 
      count(userid) from sysuser ;
	 </select>
	 <select id="findAll" parameterType="cn.edu.nuc.carloan.dto.Tool" resultType="Sysuser">
	    select 
	    u.userid,
	    u.username,
	    u.userpwd,
	    u.usertruename,
	    u.userstate,
	    r.roleid 'sysrole.roleid',
	    r.rolename 'sysrole.rolename',
	    r.rolestate 'sysrole.rolestate'
	    from sysuser u LEFT JOIN sysrole r on u.roleid = r.roleid 
	     where 
        (case when (#{username}!='') 
              then  u.username =#{username}
               else (0=0) end 
         ) 
	       limit #{start},#{offset}
	 </select>
</mapper>