<?xml version="1.0" encoding="UTF-8"?>
<!DOCTYPE mapper PUBLIC "-//mybatis.org//DTD Mapper 3.0//EN" "http://mybatis.org/dtd/mybatis-3-mapper.dtd">
<mapper namespace="cn.edu.nuc.carloan.dao.interfaces.TbcompanyMapper">
  <resultMap id="BaseResultMap" type="cn.edu.nuc.carloan.model.Tbcompany">
    <id column="tb_id" jdbcType="INTEGER" property="tbId" />
    <result column="tb_name" jdbcType="VARCHAR" property="tbName" />
    <result column="tb_phone" jdbcType="VARCHAR" property="tbPhone" />
    <result column="tb_img" jdbcType="VARCHAR" property="tbImg" />
    <result column="tb_url" jdbcType="VARCHAR" property="tbUrl" />
  </resultMap>
  <sql id="Base_Column_List">
    tb_id, tb_name,tb_phone,tb_img,tb_url
  </sql>
  <select id="selectByPrimaryKey" parameterType="java.lang.Integer" resultMap="BaseResultMap">
    select 
    <include refid="Base_Column_List" />
    from tbcompany
    where tb_id = #{tbId,jdbcType=INTEGER}
  </select>
  <delete id="deleteByPrimaryKey" parameterType="java.lang.Integer">
    delete from tbcompany
    where tb_id = #{tbId,jdbcType=INTEGER}
  </delete>
  <insert id="insertSelective" parameterType="cn.edu.nuc.carloan.model.Tbcompany">
    insert into tbcompany
    <trim prefix="(" suffix=")" suffixOverrides=",">
      <if test="tbName != null">
        tb_name,
      </if>
      <if test="tbPhone != null">
        tb_phone,
      </if>
      <if test="tbImg != null">
        tb_img,
      </if>
      <if test="tbUrl != null">
        tb_url,
      </if>
    </trim>
    <trim prefix="values (" suffix=")" suffixOverrides=",">
      <if test="tbName != null">
        #{tbName,jdbcType=VARCHAR},
      </if>
      <if test="tbPhone != null">
        #{tbPhone,jdbcType=VARCHAR},
      </if>
      <if test="tbImg != null">
        #{tbImg,jdbcType=VARCHAR},
      </if>
      <if test="tbUrl != null">
        #{tbUrl,jdbcType=VARCHAR},
      </if>
    </trim>
  </insert>
  <update id="updateByPrimaryKeySelective" parameterType="cn.edu.nuc.carloan.model.Tbcompany">
    update tbcompany
    <set>
      <if test="tbName != null">
        tb_name = #{tbName,jdbcType=VARCHAR},
      </if>
      <if test="tbPhone != null">
        tb_phone = #{tbPhone,jdbcType=VARCHAR},
      </if>
      <if test="tbImg != null">
        tb_img = #{tbImg,jdbcType=VARCHAR},
      </if>
       <if test="tbUrl != null">
        tb_url = #{tbUrl,jdbcType=VARCHAR},
      </if>
    </set>
    where tb_id = #{tbId,jdbcType=INTEGER}
  </update>
  <update id="updateByPrimaryKey" parameterType="cn.edu.nuc.carloan.model.Tbcompany">
    update tbcompany
    set tb_name = #{tbName,jdbcType=VARCHAR},
      tb_phone = #{tbPhone,jdbcType=VARCHAR},
      tb_img = #{tbImg,jdbcType=VARCHAR},
      tb_url = #{tbUrl,jdbcType=VARCHAR}
    where tb_id = #{tbId,jdbcType=INTEGER}
  </update>
    <select id="count" resultType="int">
    select count(tb_id) from tbcompany
  </select>
  <select id="pageSelectAll" resultType="tbcompany" parameterType="cn.edu.nuc.carloan.dto.Tool">
    select  <include refid="Base_Column_List" />
    from tbcompany 
     limit #{start},#{offset}
  </select>
   <select id="findAll" resultType="tbcompany">
    select  <include refid="Base_Column_List" />
    from tbcompany 
  </select>
</mapper>