<?xml version="1.0" encoding="UTF-8"?>
<!DOCTYPE mapper PUBLIC "-//mybatis.org//DTD Mapper 3.0//EN" "http://mybatis.org/dtd/mybatis-3-mapper.dtd">
<mapper namespace="cn.edu.nuc.carloan.dao.interfaces.VillageMapper">
  <resultMap id="BaseResultMap" type="cn.edu.nuc.carloan.model.Village">
    <id column="vid" jdbcType="INTEGER" property="vid" />
    <result column="vname" jdbcType="VARCHAR" property="vname" />
     <result column="city_id" jdbcType="INTEGER" property="cityId" />
  </resultMap>
  <sql id="Base_Column_List">
    vid,vname,city_id
  </sql>
  <select id="selectAllByCityId" resultMap="BaseResultMap" parameterType="java.lang.Integer">
    select 
    <include refid="Base_Column_List" />
    from village where city_id=#{value}
  </select>
    <select id="selectById" parameterType="java.lang.Integer" resultType="String" >
    select 
      vname
    from village where vid = #{value}
   </select>
</mapper>