<?xml version="1.0" encoding="UTF-8"?>
<beans xmlns="http://www.springframework.org/schema/beans"
	xmlns:xsi="http://www.w3.org/2001/XMLSchema-instance"
	xmlns:aop="http://www.springframework.org/schema/aop"
	xmlns:context="http://www.springframework.org/schema/context"
	xmlns:mvc="http://www.springframework.org/schema/mvc"
	xmlns:tx="http://www.springframework.org/schema/tx"
	xsi:schemaLocation="http://www.springframework.org/schema/beans http://www.springframework.org/schema/beans/spring-beans.xsd
		http://www.springframework.org/schema/aop http://www.springframework.org/schema/aop/spring-aop-4.3.xsd
		http://www.springframework.org/schema/context http://www.springframework.org/schema/context/spring-context-4.3.xsd
		http://www.springframework.org/schema/mvc http://www.springframework.org/schema/mvc/spring-mvc-4.3.xsd
		http://www.springframework.org/schema/tx http://www.springframework.org/schema/tx/spring-tx-4.3.xsd">

	<mvc:annotation-driven></mvc:annotation-driven>
	
	<!-- 静态资源处理 -->
	<mvc:default-servlet-handler />
	
	<context:component-scan base-package="cn.edu.nuc.carloan.controller">
		<context:include-filter type="annotation" expression="org.springframework.stereotype.Controller"/>
	</context:component-scan>
  <!-- 配置拦截器 -->
	 <mvc:interceptors>
		<mvc:interceptor>
		<mvc:mapping path="/c/**"/>
           <!-- 定义在mvc:interceptor下面的表示是对特定的请求才进行拦截的 -->  
           <bean class="cn.edu.nuc.carloan.interceptor.AuthInterceptor"/>  
		</mvc:interceptor>
	</mvc:interceptors> 
	<!-- 视图解析器 -->
	<bean class="org.springframework.web.servlet.view.InternalResourceViewResolver">
    	<property name="viewClass" value="org.springframework.web.servlet.view.JstlView" />
        <property name="prefix" value="/WEB-INF/views/"/>
        <property name="suffix" value=".jsp"/>
    </bean>
    
	<!-- 上传 -->
    <bean id="multipartResolver" class="org.springframework.web.multipart.commons.CommonsMultipartResolver">
    	<property name="resolveLazily" value="true" />
    	<property name="maxUploadSize" value="20971520" />
    	<property name="defaultEncoding" value="utf-8" />
    </bean>
</beans>
