<?xml version="1.0" encoding="UTF-8"?>
<beans xmlns="http://www.springframework.org/schema/beans"
	xmlns:xsi="http://www.w3.org/2001/XMLSchema-instance"
	xmlns:aop="http://www.springframework.org/schema/aop"
	xmlns:context="http://www.springframework.org/schema/context"
	xmlns:tx="http://www.springframework.org/schema/tx"
	xsi:schemaLocation="http://www.springframework.org/schema/beans http://www.springframework.org/schema/beans/spring-beans.xsd
		http://www.springframework.org/schema/aop http://www.springframework.org/schema/aop/spring-aop-4.3.xsd
		http://www.springframework.org/schema/context http://www.springframework.org/schema/context/spring-context-4.3.xsd
		http://www.springframework.org/schema/tx http://www.springframework.org/schema/tx/spring-tx-4.3.xsd">
<context:property-placeholder location="classpath:jdbc.properties" />
<!-- 连接池 -->
	<bean id="dataSource" class="com.mchange.v2.c3p0.ComboPooledDataSource" destroy-method="close">
		<property name="driverClass" value="${mysql.driver.class}" />
		<property name="jdbcUrl" value="${mysql.jdbc.url}"/>
		<property name="user" value="${mysql.user}"/>
		<property name="password" value="${mysql.password}"/>
	</bean>
	<!-- MyBatis sqlSessionFactory -->
    <bean id="sqlSessionFactory" class="org.mybatis.spring.SqlSessionFactoryBean">
        <!-- 实例化sqlSessionFactory时需要使用上述配置好的数据源以及SQL映射文件 -->
        <property name="dataSource" ref="dataSource" />
        <property name="configLocation" value="classpath:mybatis-config.xml"/>
        <property name="typeAliasesPackage" value="cn.edu.nuc.carloan.model" />
        <property name="mapperLocations" value="classpath:cn/edu/nuc/carloan/mapper/*.xml" />
    </bean>
    <!-- 配置映射接口 -->
    <bean class="org.mybatis.spring.mapper.MapperScannerConfigurer">
        <!-- 扫描cn.edu.nuc.carloan.dao这个包以及它的子包下的所有映射接口类 -->
        <property name="basePackage" value="cn.edu.nuc.carloan.dao.interfaces" />
        <property name="sqlSessionFactoryBeanName" value="sqlSessionFactory" />
    </bean>
 <!-- 配置Spring的事务管理器 -->
    <bean id="transactionManager" class="org.springframework.jdbc.datasource.DataSourceTransactionManager">
        <property name="dataSource" ref="dataSource" />
    </bean>
    <bean id ="transactionTemplate" class="org.springframework.transaction.support.TransactionTemplate">
       <property name="transactionManager" ref="transactionManager"/>
    </bean>
    <bean id = "loanServiceImpl" class="cn.edu.nuc.carloan.services.impl.LoanServiceImpl">
        <property name="transactionTemplate" ref="transactionTemplate"/>
    </bean>
    <!-- 注解事务 -->
    <tx:annotation-driven transaction-manager="transactionManager" />
    
    <!-- 让Spring通过自动扫描来查询和管理Bean -->
    <context:component-scan base-package="cn.edu.nuc.carloan">
    	<context:exclude-filter type="annotation" expression="org.springframework.stereotype.Controller"/>
    </context:component-scan>
</beans>
